Model,MAE,RMSE,MAPE (%),R²
Naive Baseline,1851.883064516129,2324.7749947488846,21.095706978598393,0.1034341075686247
Random Forest,40.063769172808094,90.39945856491347,0.4385223696053247,0.9986443361340464
Gradient Boosting,40.01050217857885,89.47690959017527,0.43190448912702306,0.9986718647199226
